ファイル名,部位,住戸,出典ページURL,画像URL
34階/写真/01_リビング.jpg,リビング,34階,https://www.odakyu-chukai.com/mansion/detail/B03131-000146/,https://img.miraie-net.com/?v=9AeGDa4K-Ey0dpCgptIim0fMfxEbPPb9PV5TvM5vu9xWmYVLkNf7N1molTstGAEwO9mwnSnLkP0e8Vo8OekQAVTnB1_t_Ctga4zoNvIF38JUNsdEi75qYdvNOs6RD83dbAktywDxGTs.
34階/写真/02_リビング2.jpg,リビング,34階,https://www.odakyu-chukai.com/mansion/detail/B03131-000146/,https://img.miraie-net.com/?v=TON_FVuK1GzztBmiLTFrbMPlgMBFTw3k8Wo32Vo-ZZBScM8IRALAT2epDOni5PJ5jLoM_Uo-UHz0JKO-OuS5fCtiJGBBbIhjVwYGkii5Mf6okvaOPH31CLHnM3iFNXKsIPJkj8ppgIo.
34階/写真/03_リビング3.jpg,リビング,34階,https://www.odakyu-chukai.com/mansion/detail/B03131-000146/,https://img.miraie-net.com/?v=TON_FVuK1GxH5FwLByKXJsPlgMBFTw3k8Wo32Vo-ZZBScM8IRALAT2VKn3fDVzmtUJOCXONKRHC8-yazxKnK4H0B6An2db1Z4Bzw56-Se__t8q-EiFtGK5t4BYW_xoWOeuyQPaM-dUQ.
34階/写真/04_リビング4.jpg,リビング,34階,https://www.odakyu-chukai.com/mansion/detail/B03131-000146/,https://img.miraie-net.com/?v=ZDsXpvwLEl6P_n3Qo94ZS8hqYypT_fyfAIZA_aEI6K4alhC0m-DQfLyrbMJgnkKTr_ImgdW1Ez6gyBQeaOIV1kl_igLeqsNPn4sGXeBvHnObnMr2eHyMSt20jJ81bxNhp0SpojNtGRU.
34階/写真/05_リビング5.jpg,リビング,34階,https://www.odakyu-chukai.com/mansion/detail/B03131-000146/,https://img.miraie-net.com/?v=TON_FVuK1GwpPSQCI4hDZRK3QdBKEeh5eFWnUyTRXSWBilObO1EKrpTuQ5QFzfCzl5BtdJtTiJacfWF9r1zm-4G1EWU7mC1Dc_GNrS8k9RMKZNKLPZoyfP24v7TArWHeSyGgJwlbgPc.
34階/写真/06_眺望.jpg,眺望（東京タワー方面・販売図面掲載写真）,34階,販売図面PDF A-p07,PDF埋め込み画像 A_p07_img00_1755x1241.jpeg（ページ画像 work/pages/A_p07.png からクロップ）
34階/写真/07_畳コーナー.jpg,畳コーナー（LDK内）,34階,https://www.odakyu-chukai.com/mansion/detail/B03131-000146/,https://img.miraie-net.com/?v=TON_FVuK1Gx63KTndpyFy1SqQWOBoaPveFWnUyTRXSXCAQ0WcXScAd91xi_0QUd6XkJY9KTRKtbI9zWtclHjjBbTo0xpEJrxeJJCuKerWKSNKWJIOxmTrrzFJH7JrSTSX_FGaqv0YJ8.
34階/写真/08_キッチン.jpg,キッチン,34階,https://www.odakyu-chukai.com/mansion/detail/B03131-000146/,https://img.miraie-net.com/?v=ZDsXpvwLEl47ovTm0KLG4es6UItB5fE5s2VHixyFvN_jPHv6_KIkOgpK9JlIk3UFGYgiXRgvXE0T2EeqWYKN0lfIn6YIvrvMbgKx7v3l4BmvBQDI8aN9f0kD0v96QiWXOQbnXRfYUG4.
34階/写真/09_キッチン2.jpg,キッチン,34階,https://www.odakyu-chukai.com/mansion/detail/B03131-000146/,https://img.miraie-net.com/?v=ZDsXpvwLEl7j1XU5E33jPSYpgKjt8QoXAIZA_aEI6K7WYbYWUT4eFusYsmlm-dhy4mhIRONQRduKM0rd-fuhoK2hK1nAfXHZ5t8knDmkxBYWEeywlZxVCd20jJ81bxNhJXF8T4rhiiM.
34階/写真/10_玄関.jpg,玄関,34階,https://www.odakyu-chukai.com/mansion/detail/B03131-000146/,https://img.miraie-net.com/?v=ZDsXpvwLEl4ki3ohzzXRLE7Sz7HaOBHcXOreBVGvuGf4jalk5jgViAPSPWezHuVRCSWpWSGjsqc_wHeBQ7hQI207ctYB77zo8V9LFcwoq4tzoEska7GYE_MyxyZleTYn2B3ieoOT9fw.
34階/写真/11_玄関2.jpg,玄関,34階,https://www.odakyu-chukai.com/mansion/detail/B03131-000146/,https://img.miraie-net.com/?v=0iKN84aNt9XVbTqKnt48KS2EUm3lvCB3kPu24qHlag1Ri2nMlipw3a4hb5HjBsKvBENEp2tWF2kuIPKgzyIjz2S0fIFNJt5P6PQTGFBJLXFFaK5rIToU1MkbsrFJSvxHmhK6xz2uJF0.
34階/写真/12_玄関ホール.jpg,玄関ホール,34階,https://www.odakyu-chukai.com/mansion/detail/B03131-000146/,https://img.miraie-net.com/?v=TON_FVuK1Gzy-mqLSfSsp_lfxp2fYnkKwchhZIdpGgmmmBsZ5CzHbdIsa-yZNf1HmZXoEHbu-JNwNHSjWtylbER9S66Xp77LI-1qdkynuyKAAQS3E53s-qrWfA5gv9nmQMWMzPn2zIM.
34階/写真/13_玄関前.jpg,玄関前（住戸前スペース）,34階,https://www.odakyu-chukai.com/mansion/detail/B03131-000146/,https://img.miraie-net.com/?v=vdbnEdd8fJ-tNi480gbuHsImYdMbPWFp2KLvWoC3OnF16ndn-yZv5IIaR6O-spBh0dChqgyMAZemnixOsYQKYJaTAG8EwWy08t3NkHWW6pM8MhmQgJHr5wUQ4Xl1GB1ZQ0506oEy4xM.
34階/写真/14_シューズインクローゼット.jpg,シューズインクローゼット,34階,https://www.odakyu-chukai.com/mansion/detail/B03131-000146/,https://img.miraie-net.com/?v=TON_FVuK1Gzew-BCgnOawQQXNdm5lHb_cE1mMHrf7cqUK55pl9EjJUubz9LAdUjVgrdf6qA7mgr9zFf12ZFuW9THJrDmkb0KtxWy9eE7tGxUcjWPb7li1YdNyx5AY66QfH_C2dEFHTU.
34階/写真/15_ウォークインクローゼット.jpg,ウォークインクローゼット,34階,https://www.odakyu-chukai.com/mansion/detail/B03131-000146/,https://img.miraie-net.com/?v=TON_FVuK1GzqTofyj23peFC7-8bfLnqWxU-KwDbJeQklDqtPn_MuyHfW3fI_2sIBksiykFRkNJrEQos6CyjJRlVza_rCl3-jvIW123CKz1FLzdWHq-L0VzYtC1TosKBo2mDZZbGjL40.
34階/間取図/01_間取図.jpg,間取図,34階,https://www.odakyu-chukai.com/mansion/detail/B03131-000146/,https://img.miraie-net.com/?v=Lyh3XtCEHX9Ne6tITgRuXr_DLRvVnSG0SDWIxIrC3B1Hw7qJzGIv5RXqNl02Wb9Q5fu49oZv6bRi_26IYw6hkjfwgHT0rKYUXxXCjzaeiLLP8TQIuRgx2bVLKWUklx-9gINwBqn1Smw.
共用部/01_外観.jpg,外観,共用部,https://www.odakyu-chukai.com/mansion/detail/B03131-000146/,https://img.miraie-net.com/?v=OVcv5_P6cO6rhD1OtWbXMEKQZTCS1NCTbvAzX5lYNu3IKoUrK6mE1qWfavMxoJyienrWXS6A0_bhwgIa8cSmVRJRRaxumcHvJVUjQM9Li_MQJwwldXyoNHkH4hU47jA9vCtqXByiJHk.
共用部/02_アプローチ.jpg,アプローチ入口（フォーマルゲート）,共用部,https://www.odakyu-chukai.com/mansion/detail/B03131-000146/,https://img.miraie-net.com/?v=TON_FVuK1GwBlEL1DPLHIMPlgMBFTw3k8Wo32Vo-ZZCbRQGNuHc4mzcWMoCjLwp1enrWXS6A0_Y_f1zfOjels25FJxBe5OYp4Bzw56-Se__t8q-EiFtGK5t4BYW_xoWOeuyQPaM-dUQ.
共用部/03_敷地内通路.jpg,敷地内通路,共用部,https://www.odakyu-chukai.com/mansion/detail/B03131-000146/,https://img.miraie-net.com/?v=TON_FVuK1Gz7fAL5dIPva_4U_H92nxl_xu7tLUE5XDWKwQB26UxH7R-251os-XKM5hmfTVX-xq3r41vD7lI1wHQi-BQTiIscV2BNt5mCi47bSeBdnlYXl3oo9BjB1sbBYA1HZAqUOII.
共用部/04_エントランス.jpg,エントランス（グランドロビー）,共用部,https://www.odakyu-chukai.com/mansion/detail/B03131-000146/,https://img.miraie-net.com/?v=ZDsXpvwLEl4rScKfXG3vUrxmcciSjn_8s2VHixyFvN9jZ9-fsOu8zy2r2x7DEtiDlyVBjreFeib7G-LPLWBjBq6ZB_xLvTqpEDXsD1_m0Vcx5tR06yh7csZW_asiOyK_EuSxqZw7MYc.
共用部/05_エントランスラウンジ.jpg,エントランスラウンジ,共用部,販売図面PDF A-p07,PDF埋め込み画像 A_p07_img00_1755x1241.jpeg（ページ画像 work/pages/A_p07.png からクロップ）
共用部/06_スカイラウンジ.jpg,スカイラウンジ,共用部,https://www.odakyu-chukai.com/mansion/detail/B03131-000146/,https://img.miraie-net.com/?v=TON_FVuK1GxS9-q_QfCwfWxzgZ9aRNPr8Wo32Vo-ZZBScM8IRALAT2epDOni5PJ5uY0Fn0BziF1VhsWb8cXXqwd7rJqnTgx6VwYGkii5Mf6okvaOPH31CLHnM3iFNXKsIPJkj8ppgIo.
共用部/07_シアタールーム.jpg,シアタールーム（シアタースタジオ）,共用部,https://www.odakyu-chukai.com/mansion/detail/B03131-000146/,https://img.miraie-net.com/?v=ZDsXpvwLEl7EQcMPBZ8zVBd_PnJ2KJ2mxS5SsOKBGgBudh4dh1y5Q51OXvNt9hEO5_j0Vk_TRl7mW5z2GvWUnu26DIWwhGvDEDXsD1_m0VdLzdWHq-L0V3jaUh0oEYnSGn5_xNtwOYs.
共用部/08_高輪庵.jpg,高輪庵（和室・茶室）,共用部,https://www.odakyu-chukai.com/mansion/detail/B03131-000146/,https://img.miraie-net.com/?v=ZDsXpvwLEl6WYe045OFzBfRNeZ85kZZCs2VHixyFvN96uz38sCy93cMTWgPcMjtBv7gIrOtbHq_cB7YEbOFGS4KIHsJealUFxd0g4DH2opzD3OVrUe7BILIhBZcZ2GhtKvp0w7TQKGM.
34階/写真_他社掲載_要許可確認/01_眺望.jpg,"眺望（掲載分類「リビング以外の居室」の眺望カット）【他社掲載・要許可確認：小田急不動産(株)新宿営業センター（SUUMO掲載・売主）／同一住戸照合：34階・専有226.12㎡・5LDK・バルコニー7.79㎡・8億9,800万円・売主小田急不動産 → 一致】",34階,https://suumo.jp/ms/chuko/tokyo/sc_minato/nc_21392863/,https://img01.suumo.com/front/gazo/bukken/030/N010000/img/863/21392863/21392863_0056.jpg
34階/写真_他社掲載_要許可確認/02_洋室.jpg,"洋室（引戸で続き間になる居室）【他社掲載・要許可確認：小田急不動産(株)新宿営業センター（SUUMO掲載・売主）／同一住戸照合：34階・専有226.12㎡・5LDK・バルコニー7.79㎡・8億9,800万円・売主小田急不動産 → 一致】",34階,https://suumo.jp/ms/chuko/tokyo/sc_minato/nc_21392863/,https://img01.suumo.com/front/gazo/bukken/030/N010000/img/863/21392863/21392863_0065.jpg
34階/写真_他社掲載_要許可確認/03_洋室2.jpg,"洋室2（造作棚あり）【他社掲載・要許可確認：小田急不動産(株)新宿営業センター（SUUMO掲載・売主）／同一住戸照合：34階・専有226.12㎡・5LDK・バルコニー7.79㎡・8億9,800万円・売主小田急不動産 → 一致】",34階,https://suumo.jp/ms/chuko/tokyo/sc_minato/nc_21392863/,https://img01.suumo.com/front/gazo/bukken/030/N010000/img/863/21392863/21392863_0067.jpg
34階/写真_他社掲載_要許可確認/04_洋室3.jpg,"洋室3【他社掲載・要許可確認：小田急不動産(株)新宿営業センター（SUUMO掲載・売主）／同一住戸照合：34階・専有226.12㎡・5LDK・バルコニー7.79㎡・8億9,800万円・売主小田急不動産 → 一致】",34階,https://suumo.jp/ms/chuko/tokyo/sc_minato/nc_21392863/,https://img01.suumo.com/front/gazo/bukken/030/N010000/img/863/21392863/21392863_0068.jpg
34階/写真_他社掲載_要許可確認/05_洋室4.jpg,"洋室4（どの居室かは特定不可。洋室と同室の別角度の可能性あり）【他社掲載・要許可確認：小田急不動産(株)新宿営業センター（SUUMO掲載・売主）／同一住戸照合：34階・専有226.12㎡・5LDK・バルコニー7.79㎡・8億9,800万円・売主小田急不動産 → 一致】",34階,https://suumo.jp/ms/chuko/tokyo/sc_minato/nc_21392863/,https://img01.suumo.com/front/gazo/bukken/030/N010000/img/863/21392863/21392863_0070.jpg
34階/写真_他社掲載_要許可確認/06_浴室.jpg,"浴室【他社掲載・要許可確認：小田急不動産(株)新宿営業センター（SUUMO掲載・売主）／同一住戸照合：34階・専有226.12㎡・5LDK・バルコニー7.79㎡・8億9,800万円・売主小田急不動産 → 一致】",34階,https://suumo.jp/ms/chuko/tokyo/sc_minato/nc_21392863/,https://img01.suumo.com/front/gazo/bukken/030/N010000/img/863/21392863/21392863_0075.jpg
34階/写真_他社掲載_要許可確認/07_洗面.jpg,"洗面【他社掲載・要許可確認：小田急不動産(株)新宿営業センター（SUUMO掲載・売主）／同一住戸照合：34階・専有226.12㎡・5LDK・バルコニー7.79㎡・8億9,800万円・売主小田急不動産 → 一致】",34階,https://suumo.jp/ms/chuko/tokyo/sc_minato/nc_21392863/,https://img01.suumo.com/front/gazo/bukken/030/N010000/img/863/21392863/21392863_0064.jpg
34階/写真_他社掲載_要許可確認/08_バルコニー.jpg,"バルコニー【他社掲載・要許可確認：小田急不動産(株)新宿営業センター（SUUMO掲載・売主）／同一住戸照合：34階・専有226.12㎡・5LDK・バルコニー7.79㎡・8億9,800万円・売主小田急不動産 → 一致】",34階,https://suumo.jp/ms/chuko/tokyo/sc_minato/nc_21392863/,https://img01.suumo.com/front/gazo/bukken/030/N010000/img/863/21392863/21392863_0072.jpg
34階/写真_他社掲載_要許可確認/09_ウォークインクローゼット.jpg,"ウォークインクローゼット（掲載分類「収納」）【他社掲載・要許可確認：小田急不動産(株)新宿営業センター（SUUMO掲載・売主）／同一住戸照合：34階・専有226.12㎡・5LDK・バルコニー7.79㎡・8億9,800万円・売主小田急不動産 → 一致】",34階,https://suumo.jp/ms/chuko/tokyo/sc_minato/nc_21392863/,https://img01.suumo.com/front/gazo/bukken/030/N010000/img/863/21392863/21392863_0066.jpg
34階/写真_他社掲載_要許可確認/10_収納.jpg,"収納（ウォークスルー型、掲載分類「収納」）【他社掲載・要許可確認：小田急不動産(株)新宿営業センター（SUUMO掲載・売主）／同一住戸照合：34階・専有226.12㎡・5LDK・バルコニー7.79㎡・8億9,800万円・売主小田急不動産 → 一致】",34階,https://suumo.jp/ms/chuko/tokyo/sc_minato/nc_21392863/,https://img01.suumo.com/front/gazo/bukken/030/N010000/img/863/21392863/21392863_0069.jpg
共用部_他社掲載_要許可確認/01_フォレストラウンジ.jpg,フォレストラウンジ【他社掲載・要許可確認：港区賃貸ナビ系サイト ma-minatoku-chintai.com／同一マンション確認：シティタワー高輪建物ページ掲載（キャプション「その他」）。石積み壁・天窓の意匠が住友不動産公式物件紹介サイトのフォレストラウンジ写真と一致】,共用部,https://www.ma-minatoku-chintai.com/building/detail/23452145/,https://img.miraie-net.com/?v=6WaCNzqdRAI42BMAOHOQBaPk5ku2iTihI6mSpfS-cTUUKZTSnFA8FC7wP20ynfjMpMDgKnDJZf36eazWh0jj1W-Oz2yfRh-KrGUpOCZ9RplMN9RdK4NiTDjuq92-LP_xgKTAoQRKKuA
共用部_他社掲載_要許可確認/02_ウェルネススタジオ.jpg,ウェルネススタジオ（ジム・2階）【他社掲載・要許可確認：ma-minatoku-chintai.com／同一マンション確認：同建物ページ掲載（キャプション「その他」）。VVVHOMESの「2階にあるフィットネスルーム」写真と同一空間（マッサージチェア・窓配置一致）】,共用部,https://www.ma-minatoku-chintai.com/building/detail/23452145/,https://img.miraie-net.com/?v=0iKN84aNt9X-zg7g6-qliwgMvnDylusx4QuTXPTa-uK8AVxQsYLH8NxuuEi-OCN7UvYq993GXQVTXYJyUdof7TM_riLLLS9GG0Y6VEmRfeYN0gCiuSAkkP0kUUzScGeb2d7UoUmeI0A
共用部_他社掲載_要許可確認/03_スカイラウンジ2.jpg,スカイラウンジ2（20階）【他社掲載・要許可確認：ma-minatoku-chintai.com／同一マンション確認：同建物ページ掲載（キャプション「その他」）。既存 共用部/06_スカイラウンジ と同じ空間（ラグ・家具・窓配置一致）】,共用部,https://www.ma-minatoku-chintai.com/building/detail/23452145/,https://img.miraie-net.com/?v=0iKN84aNt9X-zg7g6-qliwgMvnDylusx4QuTXPTa-uK8AVxQsYLH8NxuuEi-OCN7UvYq993GXQVTXYJyUdof7Uc584TFT1HxG0Y6VEmRfeYN0gCiuSAkkP0kUUzScGeb2d7UoUmeI0A
共用部_他社掲載_要許可確認/04_駐車場.jpg,駐車場（地下）（透かし有）【他社掲載・要許可確認：VVVHOMES／同一マンション確認：シティタワー高輪建物紹介ページ・キャプション「地下駐車場の様子」】,共用部,https://vvv-homes.com/rent/minatoku-takanawa1chome-mansion-itiran/citytower-takanawa/,https://vvv-homes.com/wp-content/uploads/2023/05/a-rtn12323a-2-8.jpg
共用部_他社掲載_要許可確認/05_駐車場出入口.jpg,駐車場出入口（透かし有）【他社掲載・要許可確認：VVVHOMES／同一マンション確認：同ページ・キャプション「国道1号線から駐車場へアクセス可能」】,共用部,https://vvv-homes.com/rent/minatoku-takanawa1chome-mansion-itiran/citytower-takanawa/,https://vvv-homes.com/wp-content/uploads/2023/05/a-rtn12323a-2-7.jpg
共用部_他社掲載_要許可確認/06_駐車場待合室.jpg,駐車場待合室（透かし有）【他社掲載・要許可確認：VVVHOMES／同一マンション確認：同ページ・キャプション「駐車場前に待機室」】,共用部,https://vvv-homes.com/rent/minatoku-takanawa1chome-mansion-itiran/citytower-takanawa/,https://vvv-homes.com/wp-content/uploads/2023/05/a-rtn12323a-2-9.jpg
共用部_他社掲載_要許可確認/07_各階ゴミ置き場.jpg,各階ゴミ置き場（透かし有）【他社掲載・要許可確認：VVVHOMES／同一マンション確認：同ページ・キャプション「各階にゴミ置き場」】,共用部,https://vvv-homes.com/rent/minatoku-takanawa1chome-mansion-itiran/citytower-takanawa/,https://vvv-homes.com/wp-content/uploads/2023/05/a-rtn12323a-2-6.jpg
