ファイル名,部位,住戸,出典ページURL,画像URL
34階/写真/01_眺望.jpg,眺望（3415号室からの実景・レインボーブリッジ/お台場方向 2026.6.8撮影）,34階,https://andd-f.co.jp/properties/livio-tower-shinagawa/,https://andd-f.co.jp/properties/livio-tower-shinagawa/photos/rv01.jpg
34階/写真/02_リビング.jpg,リビング・ダイニング（角窓）,34階,https://andd-f.co.jp/properties/livio-tower-shinagawa/,https://andd-f.co.jp/properties/livio-tower-shinagawa/photos/int11.jpg
34階/写真/03_リビング2.jpg,リビング・ダイニング（コーナーウインドウ）,34階,https://andd-f.co.jp/properties/livio-tower-shinagawa/,https://andd-f.co.jp/properties/livio-tower-shinagawa/photos/rv05.jpg
34階/写真/04_眺望2.jpg,眺望（34階から）,34階,https://andd-f.co.jp/properties/livio-tower-shinagawa/,https://andd-f.co.jp/properties/livio-tower-shinagawa/photos/int13.jpg
34階/写真/05_眺望3.jpg,眺望（東京湾・レインボーブリッジ方向）,34階,https://andd-f.co.jp/properties/livio-tower-shinagawa/,https://andd-f.co.jp/properties/livio-tower-shinagawa/photos/rv02.jpg
34階/写真/06_眺望4.jpg,眺望（運河と都心方向）,34階,https://andd-f.co.jp/properties/livio-tower-shinagawa/,https://andd-f.co.jp/properties/livio-tower-shinagawa/photos/rv03.jpg
34階/写真/07_キッチン.jpg,キッチン（ガラストップコンロ）,34階,https://andd-f.co.jp/properties/livio-tower-shinagawa/,https://andd-f.co.jp/properties/livio-tower-shinagawa/photos/int06.jpg
34階/写真/08_食器洗い機.jpg,キッチン（Miele食器洗い機）,34階,https://andd-f.co.jp/properties/livio-tower-shinagawa/,https://andd-f.co.jp/properties/livio-tower-shinagawa/photos/int07.jpg
34階/写真/09_キッチン2.jpg,キッチンカウンター,34階,https://andd-f.co.jp/properties/livio-tower-shinagawa/,https://andd-f.co.jp/properties/livio-tower-shinagawa/photos/int08.jpg
34階/写真/10_キッチン3.jpg,キッチン（レンジフード）,34階,https://andd-f.co.jp/properties/livio-tower-shinagawa/,https://andd-f.co.jp/properties/livio-tower-shinagawa/photos/int09.jpg
34階/写真/11_バルコニー.jpg,バルコニー（ウッドデッキ）,34階,https://andd-f.co.jp/properties/livio-tower-shinagawa/,https://andd-f.co.jp/properties/livio-tower-shinagawa/photos/int16.jpg
34階/写真/12_バルコニー2.jpg,洋室前バルコニー,34階,https://andd-f.co.jp/properties/livio-tower-shinagawa/,https://andd-f.co.jp/properties/livio-tower-shinagawa/photos/int15.jpg
34階/写真/13_眺望5.jpg,眺望（都心・東京タワー方向）,34階,https://andd-f.co.jp/properties/livio-tower-shinagawa/,https://andd-f.co.jp/properties/livio-tower-shinagawa/photos/rv07.jpg
34階/_除外_該当住戸外/14_眺望イメージ.jpg,眺望イメージ（同建物・同方位・晴天時 レインボーブリッジ方向）【除外：元付HPに「同建物・同方位からの眺望イメージ（晴天時）」と注記があり、3415号室から撮影したものと確認できないため 2026-09-27 に移動】,34階,https://andd-f.co.jp/properties/livio-tower-shinagawa/,https://andd-f.co.jp/properties/livio-tower-shinagawa/photos/view1_crop.jpg
34階/_除外_該当住戸外/15_眺望イメージ2.jpg,眺望イメージ（同建物・同方位・晴天時 東京湾パノラマ）【除外：元付HPに「同建物・同方位からの眺望イメージ（晴天時）」と注記があり、3415号室から撮影したものと確認できないため 2026-09-27 に移動】,34階,https://andd-f.co.jp/properties/livio-tower-shinagawa/,https://andd-f.co.jp/properties/livio-tower-shinagawa/photos/view2_crop.jpg
34階/間取図/01_間取図.jpg,間取図（P-130Ane 3LDK+3WIC+SIC+N+TR 130.24㎡ 社内資料2024.11.2計画段階）,34階,https://andd-f.co.jp/properties/livio-tower-shinagawa/,https://andd-f.co.jp/properties/livio-tower-shinagawa/floorplan.jpg
共用部/01_外観.jpg,外観,共用部,https://andd-f.co.jp/properties/livio-tower-shinagawa/,https://andd-f.co.jp/properties/livio-tower-shinagawa/photos/ap01.jpg
共用部/02_外観2.jpg,外観と敷地内植栽,共用部,https://andd-f.co.jp/properties/livio-tower-shinagawa/,https://andd-f.co.jp/properties/livio-tower-shinagawa/photos/ap02.jpg
共用部/03_アプローチ.jpg,敷地内アプローチ・館銘石,共用部,https://andd-f.co.jp/properties/livio-tower-shinagawa/,https://andd-f.co.jp/properties/livio-tower-shinagawa/photos/ap03.jpg
共用部/04_車寄せ.jpg,車寄せ,共用部,https://andd-f.co.jp/properties/livio-tower-shinagawa/,https://andd-f.co.jp/properties/livio-tower-shinagawa/photos/ap04.jpg
共用部/05_エントランス.jpg,エントランス,共用部,https://andd-f.co.jp/properties/livio-tower-shinagawa/,https://andd-f.co.jp/properties/livio-tower-shinagawa/photos/ap05.jpg
共用部/06_館銘板.jpg,エントランス館銘板,共用部,https://andd-f.co.jp/properties/livio-tower-shinagawa/,https://andd-f.co.jp/properties/livio-tower-shinagawa/photos/int01.jpg
共用部/07_エントランス夜景.jpg,夜のエントランス,共用部,https://andd-f.co.jp/properties/livio-tower-shinagawa/,https://andd-f.co.jp/properties/livio-tower-shinagawa/photos/ap07.jpg
共用部/08_ラウンジ外観夜景.jpg,夜のラウンジ外観と植栽,共用部,https://andd-f.co.jp/properties/livio-tower-shinagawa/,https://andd-f.co.jp/properties/livio-tower-shinagawa/photos/ap08.jpg
共用部/09_ラウンジ外観夜景2.jpg,ガラス張りのラウンジ（夜景）,共用部,https://andd-f.co.jp/properties/livio-tower-shinagawa/,https://andd-f.co.jp/properties/livio-tower-shinagawa/photos/ap09.jpg
共用部/10_館銘石夜景.jpg,夜の館銘石と植栽,共用部,https://andd-f.co.jp/properties/livio-tower-shinagawa/,https://andd-f.co.jp/properties/livio-tower-shinagawa/photos/ap10.jpg
共用部/11_グリーンラウンジ.jpg,グリーンラウンジ（インナーグリーン）,共用部,https://andd-f.co.jp/properties/livio-tower-shinagawa/,https://andd-f.co.jp/properties/livio-tower-shinagawa/photos/cm01.jpg
共用部/12_エントランスラウンジ.jpg,エントランスラウンジの植栽,共用部,https://andd-f.co.jp/properties/livio-tower-shinagawa/,https://andd-f.co.jp/properties/livio-tower-shinagawa/photos/cm03.jpg
共用部/13_大階段.jpg,エントランスホール大階段,共用部,https://andd-f.co.jp/properties/livio-tower-shinagawa/,https://andd-f.co.jp/properties/livio-tower-shinagawa/photos/cm04.jpg
共用部/14_吹抜け.jpg,大階段の吹抜け・竜骨状オブジェ,共用部,https://andd-f.co.jp/properties/livio-tower-shinagawa/,https://andd-f.co.jp/properties/livio-tower-shinagawa/photos/cm17.jpg
共用部/15_吹抜けラウンジ.jpg,吹抜けとラウンジ,共用部,https://andd-f.co.jp/properties/livio-tower-shinagawa/,https://andd-f.co.jp/properties/livio-tower-shinagawa/photos/cm05.jpg
共用部/16_スカイラウンジ.jpg,29階スカイラウンジ,共用部,https://andd-f.co.jp/properties/livio-tower-shinagawa/,https://andd-f.co.jp/properties/livio-tower-shinagawa/photos/cm06.jpg
共用部/17_スカイラウンジ眺望.jpg,スカイラウンジからの眺望,共用部,https://andd-f.co.jp/properties/livio-tower-shinagawa/,https://andd-f.co.jp/properties/livio-tower-shinagawa/photos/cm07.jpg
共用部/18_ラウンジ.jpg,ラウンジ,共用部,https://andd-f.co.jp/properties/livio-tower-shinagawa/,https://andd-f.co.jp/properties/livio-tower-shinagawa/photos/cm13.jpg
共用部/19_キッチンラウンジ.jpg,キッチンラウンジ（カウンター）,共用部,https://andd-f.co.jp/properties/livio-tower-shinagawa/,https://andd-f.co.jp/properties/livio-tower-shinagawa/photos/cm10.jpg
共用部/20_ワークラウンジ.jpg,ワークラウンジ,共用部,https://andd-f.co.jp/properties/livio-tower-shinagawa/,https://andd-f.co.jp/properties/livio-tower-shinagawa/photos/cm11.jpg
共用部/21_ワークブース.jpg,個室ワークブース,共用部,https://andd-f.co.jp/properties/livio-tower-shinagawa/,https://andd-f.co.jp/properties/livio-tower-shinagawa/photos/cm12.jpg
共用部/22_ゴルフレンジ.jpg,ゴルフレンジ,共用部,https://andd-f.co.jp/properties/livio-tower-shinagawa/,https://andd-f.co.jp/properties/livio-tower-shinagawa/photos/cm08.jpg
共用部/23_フィットネス.jpg,フィットネスルーム,共用部,https://andd-f.co.jp/properties/livio-tower-shinagawa/,https://andd-f.co.jp/properties/livio-tower-shinagawa/photos/cm09.jpg
共用部/24_フィットネス2.jpg,フィットネスルーム,共用部,https://andd-f.co.jp/properties/livio-tower-shinagawa/,https://andd-f.co.jp/properties/livio-tower-shinagawa/photos/cm16.jpg
共用部/25_ゲストルーム.jpg,ゲストルーム,共用部,https://andd-f.co.jp/properties/livio-tower-shinagawa/,https://andd-f.co.jp/properties/livio-tower-shinagawa/photos/cm14.jpg
共用部/26_内廊下.jpg,内廊下,共用部,https://andd-f.co.jp/properties/livio-tower-shinagawa/,https://andd-f.co.jp/properties/livio-tower-shinagawa/photos/cm15.jpg
共用部/27_外観夜景CG.jpg,外観完成予想CG（夜景・レインボーブリッジ方向）,共用部,https://andd-f.co.jp/properties/livio-tower-shinagawa/,https://andd-f.co.jp/properties/livio-tower-shinagawa/photos/entrance.png
34階/写真_他社掲載_要許可確認/01_間取図.jpg,"間取図（ウィル不動産販売による描き起こし図。「LDK約15.1帖」の表記は元付間取図のLD約25.5帖＋K約4.7帖と合わず、掲載使用は要確認・透かし有）【他社掲載・要許可確認：ウィル不動産販売 992914R／同一住戸照合：34階部分・130.24㎡・3LDK・バルコニー計25.73㎡（18.82＋6.91）・管理費61,860円・修繕積立金24,740円・6億3,500万円一致、東向き】",34階,https://www.wills.co.jp/buy/p/?strShanaiBukkenNo=992914R&intSerial=5088708&clWebFlgCity=201,https://img.wills.co.jp/img/buy/zumen/1260/992914R_2.jpg
34階/間取図/02_間取図_住戸部分.jpg,間取図（派生ファイル：34階/間取図/01_間取図.jpg から対象住戸の間取り部分のみPILでトリミング 2307×1609。「社内資料」表記・全住戸配置表を除去）,34階,https://andd-f.co.jp/properties/livio-tower-shinagawa/,34階/間取図/01_間取図.jpg から作成
共用部/05_エントランス_トリミング.jpg,エントランス（派生ファイル：共用部/05_エントランス.jpg の左側の「内覧会」看板をPILでトリミング除去 1100×1125）,共用部,https://andd-f.co.jp/properties/livio-tower-shinagawa/,共用部/05_エントランス.jpg から作成
34階/写真/09_キッチン2_透かし除去.jpg,キッチンカウンター（派生：透かし・社名表示部分をトリミング除去）,34階,https://andd-f.co.jp/properties/livio-tower-shinagawa/,https://andd-f.co.jp/properties/livio-tower-shinagawa/photos/int08.jpg
